id,question,answer,due_date,num,active
0,What is the Hindi of straight ___,सीधे,2020-10-27 12:42:07.222402,3,True
1,What is the Hindi of spring ___,वसंत,2020-10-28 09:57:58.917701,5,True
2,What is the Hindi of child ___,बच्चे,2020-10-29 17:21:53.880784,5,True
3,What is the Hindi of observe ___,निरीक्षण,2020-10-29 11:27:05.005290,4,True
4,What is the Hindi of moment ___,पल,2020-10-30 12:42:07.221180,5,True
5,What is the Hindi of loud ___,जोर,2020-10-27 17:21:53.880574,4,True
6,What is the Hindi of as ___,जैसा,2020-10-28 11:27:05.004824,3,True
7,What is the Hindi of method ___,विधि,2020-10-27 17:21:53.880929,4,True
8,What is the Hindi of lake ___,झील,2020-10-27 18:27:05.004630,2,True
9,What is the Hindi of scale ___,पैमाने,2020-10-27 12:42:07.222551,3,True
10,What is the Hindi of on ___,पर,2020-10-27 12:42:07.221668,3,True
11,What is the Hindi of at ___,पर,2020-10-27 12:42:07.221822,3,True
12,What is the Hindi of be ___,हो,2020-10-27 12:42:07.221999,3,True
13,What is the Hindi of they ___,वे,2020-10-28 11:27:05.004421,3,True
14,What is the Hindi of with ___,साथ,2020-10-27 12:42:07.222151,3,True
15,What is the Hindi of are ___,हैं,2020-10-28 11:27:05.005073,3,True
16,What is the Hindi of that ___,कि,2020-10-27 18:27:05.004224,2,True
17,What is the Hindi of for ___,के लिए,2020-10-27 18:27:05.004060,2,True
18,What is the Hindi of was ___,था,2020-10-28 11:27:05.003636,3,True
19,What is the Hindi of he ___,वह,2020-10-01 17:50:28.505849,0,False
20,What is the Hindi of home ___,घर,2020-10-01 17:50:28.505849,0,False
21,What is the Hindi of his ___,उसके,2020-10-01 17:50:28.505849,0,False
22,What is the Hindi of of ___,की,2020-10-01 17:50:28.505849,0,False
23,What is the Hindi of have ___,है,2020-10-01 17:50:28.505849,0,False
24,What is the Hindi of word ___,शब्द,2020-10-01 17:50:28.505849,0,False
25,What is the Hindi of this ___,इस,2020-10-01 17:50:28.505849,0,False
26,What is the Hindi of from ___,से,2020-10-01 17:50:28.505849,0,False
27,What is the Hindi of by ___,द्वारा,2020-10-01 17:50:28.505849,0,False
28,What is the Hindi of hot ___,गरम,2020-10-01 17:50:28.505849,0,False
29,What is the Hindi of had ___,था,2020-10-01 17:50:28.505849,0,False
30,What is the Hindi of but ___,लेकिन,2020-10-01 17:50:28.505849,0,False
31,What is the Hindi of what ___,क्या,2020-10-01 17:50:28.505849,0,False
32,What is the Hindi of some ___,कुछ,2020-10-01 17:50:28.505849,0,False
33,What is the Hindi of is ___,है,2020-10-01 17:50:28.505849,0,False
34,What is the Hindi of it ___,यह,2020-10-01 17:50:28.505849,0,False
35,What is the Hindi of you ___,आप,2020-10-01 17:50:28.505849,0,False
36,What is the Hindi of or ___,या,2020-10-01 17:50:28.505849,0,False
37,What is the Hindi of read ___,पढ़ा,2020-10-01 17:50:28.505849,0,False
38,What is the Hindi of to ___,तक,2020-10-01 17:50:28.505849,0,False
39,What is the Hindi of play ___,खेलने,2020-10-01 17:50:28.505849,0,False
40,What is the Hindi of and ___,और,2020-10-01 17:50:28.505849,0,False
41,What is the Hindi of a ___,एक,2020-10-01 17:50:28.505849,0,False
42,What is the Hindi of in ___,में,2020-10-01 17:50:28.505849,0,False
43,What is the Hindi of we ___,हम,2020-10-01 17:50:28.505849,0,False
44,What is the Hindi of can ___,कर सकते हैं,2020-10-01 17:50:28.505849,0,False
45,What is the Hindi of out ___,बाहर,2020-10-01 17:50:28.505849,0,False
46,What is the Hindi of other ___,अन्य,2020-10-01 17:50:28.505849,0,False
47,What is the Hindi of were ___,थे,2020-10-01 17:50:28.505849,0,False
48,What is the Hindi of which ___,जो,2020-10-01 17:50:28.505849,0,False
49,What is the Hindi of do ___,कर,2020-10-01 17:50:28.505849,0,False
50,What is the Hindi of their ___,उनके,2020-10-01 17:50:28.505849,0,False
51,What is the Hindi of time ___,समय,2020-10-01 17:50:28.505849,0,False
52,What is the Hindi of if ___,अगर,2020-10-01 17:50:28.505849,0,False
53,What is the Hindi of how ___,कैसे,2020-10-01 17:50:28.505849,0,False
54,What is the Hindi of under ___,नीचे,2020-10-01 17:50:28.505849,0,False
55,What is the Hindi of an ___,एक,2020-10-01 17:50:28.505849,0,False
56,What is the Hindi of our ___,हमारे,2020-10-01 17:50:28.505849,0,False
57,What is the Hindi of each ___,प्रत्येक,2020-10-01 17:50:28.505849,0,False
58,What is the Hindi of tell ___,बता,2020-10-01 17:50:28.505849,0,False
59,What is the Hindi of does ___,करता है,2020-10-01 17:50:28.505849,0,False
60,What is the Hindi of set ___,सेट,2020-10-01 17:50:28.505849,0,False
61,What is the Hindi of three ___,तीन,2020-10-01 17:50:28.505849,0,False
62,What is the Hindi of want ___,चाहते हैं,2020-10-01 17:50:28.505849,0,False
63,What is the Hindi of air ___,हवा,2020-10-01 17:50:28.505849,0,False
64,What is the Hindi of well ___,अच्छी तरह से,2020-10-01 17:50:28.505849,0,False
65,What is the Hindi of also ___,भी,2020-10-01 17:50:28.505849,0,False
66,What is the Hindi of point ___,बिंदु,2020-10-01 17:50:28.505849,0,False
67,What is the Hindi of small ___,छोटे,2020-10-01 17:50:28.505849,0,False
68,What is the Hindi of put ___,डाल,2020-10-01 17:50:28.505849,0,False
69,What is the Hindi of why ___,क्यों,2020-10-01 17:50:28.505849,0,False
70,What is the Hindi of father ___,पिता,2020-10-01 17:50:28.505849,0,False
71,What is the Hindi of give ___,दे,2020-10-01 17:50:28.505849,0,False
72,What is the Hindi of mother ___,मां,2020-10-01 17:50:28.505849,0,False
73,What is the Hindi of add ___,जोड़,2020-10-01 17:50:28.505849,0,False
74,What is the Hindi of even ___,और भी,2020-10-01 17:50:28.505849,0,False
75,What is the Hindi of land ___,भूमि,2020-10-01 17:50:28.505849,0,False
76,What is the Hindi of here ___,यहाँ,2020-10-01 17:50:28.505849,0,False
77,What is the Hindi of must ___,चाहिए,2020-10-01 17:50:28.505849,0,False
78,What is the Hindi of big ___,बड़ा,2020-10-01 17:50:28.505849,0,False
79,What is the Hindi of high ___,उच्च,2020-10-01 17:50:28.505849,0,False
80,What is the Hindi of such ___,ऐसा,2020-10-01 17:50:28.505849,0,False
81,What is the Hindi of follow ___,का पालन करें,2020-10-01 17:50:28.505849,0,False
82,What is the Hindi of act ___,अधिनियम,2020-10-01 17:50:28.505849,0,False
83,What is the Hindi of ask ___,पूछना,2020-10-01 17:50:28.505849,0,False
84,What is the Hindi of hand ___,हाथ,2020-10-01 17:50:28.505849,0,False
85,What is the Hindi of men ___,पुरुषों,2020-10-01 17:50:28.505849,0,False
86,What is the Hindi of change ___,परिवर्तन,2020-10-01 17:50:28.505849,0,False
87,What is the Hindi of went ___,चला गया,2020-10-01 17:50:28.505849,0,False
88,What is the Hindi of light ___,प्रकाश,2020-10-01 17:50:28.505849,0,False
89,What is the Hindi of kind ___,तरह,2020-10-01 17:50:28.505849,0,False
90,What is the Hindi of off ___,बंद,2020-10-01 17:50:28.505849,0,False
91,What is the Hindi of need ___,आवश्यकता,2020-10-01 17:50:28.505849,0,False
92,What is the Hindi of house ___,घर,2020-10-01 17:50:28.505849,0,False
93,What is the Hindi of picture ___,तस्वीर,2020-10-01 17:50:28.505849,0,False
94,What is the Hindi of try ___,कोशिश,2020-10-01 17:50:28.505849,0,False
95,What is the Hindi of us ___,हमें,2020-10-01 17:50:28.505849,0,False
96,What is the Hindi of again ___,फिर,2020-10-01 17:50:28.505849,0,False
97,What is the Hindi of animal ___,पशु,2020-10-01 17:50:28.505849,0,False
98,What is the Hindi of port ___,बंदरगाह,2020-10-01 17:50:28.505849,0,False
99,What is the Hindi of book ___,किताब,2020-10-01 17:50:28.505849,0,False
100,What is the Hindi of spell ___,जादू,2020-10-01 17:50:28.505849,0,False
101,What is the Hindi of large ___,बड़ा,2020-10-01 17:50:28.505849,0,False
102,What is the Hindi of build ___,बनाना,2020-10-01 17:50:28.505849,0,False
103,What is the Hindi of near ___,निकट,2020-10-01 17:50:28.505849,0,False
104,What is the Hindi of self ___,आत्म,2020-10-01 17:50:28.505849,0,False
105,What is the Hindi of earth ___,पृथ्वी,2020-10-01 17:50:28.505849,0,False
106,What is the Hindi of end ___,अंत,2020-10-01 17:50:28.505849,0,False
107,What is the Hindi of any ___,किसी भी,2020-10-01 17:50:28.505849,0,False
108,What is the Hindi of new ___,नई,2020-10-01 17:50:28.505849,0,False
109,What is the Hindi of work ___,काम,2020-10-01 17:50:28.505849,0,False
110,What is the Hindi of part ___,हिस्सा,2020-10-01 17:50:28.505849,0,False
111,What is the Hindi of take ___,लेना,2020-10-01 17:50:28.505849,0,False
112,What is the Hindi of get ___,प्राप्त,2020-10-01 17:50:28.505849,0,False
113,What is the Hindi of place ___,जगह,2020-10-01 17:50:28.505849,0,False
114,What is the Hindi of made ___,निर्मित,2020-10-01 17:50:28.505849,0,False
115,What is the Hindi of live ___,जीना,2020-10-01 17:50:28.505849,0,False
116,What is the Hindi of where ___,जहां,2020-10-01 17:50:28.505849,0,False
117,What is the Hindi of after ___,के बाद,2020-10-01 17:50:28.505849,0,False
118,What is the Hindi of back ___,वापस,2020-10-01 17:50:28.505849,0,False
119,What is the Hindi of little ___,थोड़ा,2020-10-01 17:50:28.505849,0,False
120,What is the Hindi of only ___,केवल,2020-10-01 17:50:28.505849,0,False
121,What is the Hindi of round ___,दौर,2020-10-01 17:50:28.505849,0,False
122,What is the Hindi of man ___,आदमी,2020-10-01 17:50:28.505849,0,False
123,What is the Hindi of year ___,वर्ष,2020-10-01 17:50:28.505849,0,False
124,What is the Hindi of came ___,आया,2020-10-01 17:50:28.505849,0,False
125,What is the Hindi of show ___,शो,2020-10-01 17:50:28.505849,0,False
126,What is the Hindi of every ___,हर,2020-10-01 17:50:28.505849,0,False
127,What is the Hindi of good ___,अच्छा,2020-10-01 17:50:28.505849,0,False
128,What is the Hindi of me ___,मुझे,2020-10-01 17:50:28.505849,0,False
129,What is the Hindi of north ___,उत्तर,2020-10-01 17:50:28.505849,0,False
130,What is the Hindi of world ___,दुनिया,2020-10-01 17:50:28.505849,0,False
131,What is the Hindi of said ___,कहा,2020-10-01 17:50:28.505849,0,False
132,What is the Hindi of water ___,पानी,2020-10-01 17:50:28.505849,0,False
133,What is the Hindi of will ___,होगा,2020-10-01 17:50:28.505849,0,False
134,What is the Hindi of use ___,उपयोग,2020-10-01 17:50:28.505849,0,False
135,What is the Hindi of just ___,बस,2020-10-01 17:50:28.505849,0,False
136,What is the Hindi of form ___,फार्म,2020-10-01 17:50:28.505849,0,False
137,What is the Hindi of sentence ___,वाक्य,2020-10-01 17:50:28.505849,0,False
138,What is the Hindi of great ___,महान,2020-10-01 17:50:28.505849,0,False
139,What is the Hindi of think ___,लगता है,2020-10-01 17:50:28.505849,0,False
140,What is the Hindi of say ___,कहना,2020-10-01 17:50:28.505849,0,False
141,What is the Hindi of help ___,मदद,2020-10-01 17:50:28.505849,0,False
142,What is the Hindi of low ___,कम,2020-10-01 17:50:28.505849,0,False
143,What is the Hindi of line ___,रेखा,2020-10-01 17:50:28.505849,0,False
144,What is the Hindi of differ ___,अलग,2020-10-01 17:50:28.505849,0,False
145,What is the Hindi of cause ___,कारण,2020-10-01 17:50:28.505849,0,False
146,What is the Hindi of sun ___,सूरज,2020-10-01 17:50:28.505849,0,False
147,What is the Hindi of much ___,ज्यादा,2020-10-01 17:50:28.505849,0,False
148,What is the Hindi of mean ___,मतलब,2020-10-01 17:50:28.505849,0,False
149,What is the Hindi of before ___,पहले,2020-10-01 17:50:28.505849,0,False
150,What is the Hindi of move ___,चाल,2020-10-01 17:50:28.505849,0,False
151,What is the Hindi of right ___,सही,2020-10-01 17:50:28.505849,0,False
152,What is the Hindi of boy ___,लड़का,2020-10-01 17:50:28.505849,0,False
153,What is the Hindi of old ___,पुराना,2020-10-01 17:50:28.505849,0,False
154,What is the Hindi of too ___,भी,2020-10-01 17:50:28.505849,0,False
155,What is the Hindi of same ___,वही,2020-10-01 17:50:28.505849,0,False
156,What is the Hindi of she ___,वह,2020-10-01 17:50:28.505849,0,False
157,What is the Hindi of all ___,सब,2020-10-01 17:50:28.505849,0,False
158,What is the Hindi of there ___,वहाँ,2020-10-01 17:50:28.505849,0,False
159,What is the Hindi of when ___,जब,2020-10-01 17:50:28.505849,0,False
160,What is the Hindi of my ___,मेरे,2020-10-01 17:50:28.505849,0,False
161,What is the Hindi of over ___,अधिक,2020-10-01 17:50:28.505849,0,False
162,What is the Hindi of through ___,के माध्यम से,2020-10-01 17:50:28.505849,0,False
163,What is the Hindi of way ___,रास्ता,2020-10-01 17:50:28.505849,0,False
164,What is the Hindi of life ___,जीवन,2020-10-01 17:50:28.505849,0,False
165,What is the Hindi of about ___,के बारे में,2020-10-01 17:50:28.505849,0,False
166,What is the Hindi of them ___,उन्हें,2020-10-01 17:50:28.505849,0,False
167,What is the Hindi of write ___,लिखना,2020-10-01 17:50:28.505849,0,False
168,What is the Hindi of would ___,होगा,2020-10-01 17:50:28.505849,0,False
169,What is the Hindi of like ___,जैसा,2020-10-01 17:50:28.505849,0,False
170,What is the Hindi of so ___,तो,2020-10-01 17:50:28.505849,0,False
171,What is the Hindi of these ___,इन,2020-10-01 17:50:28.505849,0,False
172,What is the Hindi of her ___,उसके,2020-10-01 17:50:28.505849,0,False
173,What is the Hindi of long ___,लंबे समय तक,2020-10-01 17:50:28.505849,0,False
174,What is the Hindi of make ___,कर,2020-10-01 17:50:28.505849,0,False
175,What is the Hindi of thing ___,बात,2020-10-01 17:50:28.505849,0,False
176,What is the Hindi of two ___,दो,2020-10-01 17:50:28.505849,0,False
177,What is the Hindi of turn ___,बारी,2020-10-01 17:50:28.505849,0,False
178,What is the Hindi of name ___,नाम,2020-10-01 17:50:28.505849,0,False
179,What is the Hindi of has ___,है,2020-10-01 17:50:28.505849,0,False
180,What is the Hindi of look ___,देखो,2020-10-01 17:50:28.505849,0,False
181,What is the Hindi of more ___,अधिक,2020-10-01 17:50:28.505849,0,False
182,What is the Hindi of day ___,दिन,2020-10-01 17:50:28.505849,0,False
183,What is the Hindi of could ___,सकता है,2020-10-01 17:50:28.505849,0,False
184,What is the Hindi of go ___,जाना,2020-10-01 17:50:28.505849,0,False
185,What is the Hindi of come ___,आ,2020-10-01 17:50:28.505849,0,False
186,What is the Hindi of did ___,किया,2020-10-01 17:50:28.505849,0,False
187,What is the Hindi of number ___,संख्या,2020-10-01 17:50:28.505849,0,False
188,What is the Hindi of sound ___,ध्वनि,2020-10-01 17:50:28.505849,0,False
189,What is the Hindi of no ___,नहीं,2020-10-01 17:50:28.505849,0,False
190,What is the Hindi of up ___,ऊपर,2020-10-01 17:50:28.505849,0,False
191,What is the Hindi of most ___,सबसे,2020-10-01 17:50:28.505849,0,False
192,What is the Hindi of people ___,लोग,2020-10-01 17:50:28.505849,0,False
193,What is the Hindi of between ___,के बीच,2020-10-01 17:50:28.505849,0,False
194,What is the Hindi of eye ___,आंख,2020-10-01 17:50:28.505849,0,False
195,What is the Hindi of voice ___,आवाज,2020-10-01 17:50:28.505849,0,False
196,What is the Hindi of than ___,से,2020-10-01 17:50:28.505849,0,False
197,What is the Hindi of first ___,पहले,2020-10-01 17:50:28.505849,0,False
198,What is the Hindi of who ___,कौन,2020-10-01 17:50:28.505849,0,False
199,What is the Hindi of may ___,मई,2020-10-01 17:50:28.505849,0,False
200,What is the Hindi of down ___,नीचे,2020-10-01 17:50:28.505849,0,False
201,What is the Hindi of side ___,पक्ष,2020-10-01 17:50:28.505849,0,False
202,What is the Hindi of been ___,गया,2020-10-01 17:50:28.505849,0,False
203,What is the Hindi of now ___,अब,2020-10-01 17:50:28.505849,0,False
204,What is the Hindi of find ___,लगता है,2020-10-01 17:50:28.505849,0,False
205,What is the Hindi of head ___,सिर,2020-10-01 17:50:28.505849,0,False
206,What is the Hindi of stand ___,खड़े,2020-10-01 17:50:28.505849,0,False
207,What is the Hindi of own ___,खुद,2020-10-01 17:50:28.505849,0,False
208,What is the Hindi of page ___,पेज,2020-10-01 17:50:28.505849,0,False
209,What is the Hindi of should ___,चाहिए,2020-10-01 17:50:28.505849,0,False
210,What is the Hindi of country ___,देश,2020-10-01 17:50:28.505849,0,False
211,What is the Hindi of found ___,पाया,2020-10-01 17:50:28.505849,0,False
212,What is the Hindi of answer ___,जवाब,2020-10-01 17:50:28.505849,0,False
213,What is the Hindi of school ___,स्कूल,2020-10-01 17:50:28.505849,0,False
214,What is the Hindi of grow ___,बढ़ने,2020-10-01 17:50:28.505849,0,False
215,What is the Hindi of study ___,अध्ययन,2020-10-01 17:50:28.505849,0,False
216,What is the Hindi of still ___,अब तक,2020-10-01 17:50:28.505849,0,False
217,What is the Hindi of learn ___,सीखना,2020-10-01 17:50:28.505849,0,False
218,What is the Hindi of plant ___,संयंत्र,2020-10-01 17:50:28.505849,0,False
219,What is the Hindi of cover ___,कवर,2020-10-01 17:50:28.505849,0,False
220,What is the Hindi of food ___,भोजन,2020-10-01 17:50:28.505849,0,False
221,What is the Hindi of hear ___,सुनना,2020-10-01 17:50:28.505849,0,False
222,What is the Hindi of your ___,अपने,2020-10-01 17:50:28.505849,0,False
223,What is the Hindi of very ___,बहुत,2020-10-01 17:50:28.505849,0,False
224,What is the Hindi of call ___,कॉल,2020-10-01 17:50:28.505849,0,False
225,What is the Hindi of keep ___,रखना,2020-10-01 17:50:28.505849,0,False
226,What is the Hindi of never ___,कभी नहीं,2020-10-01 17:50:28.505849,0,False
227,What is the Hindi of four ___,चार,2020-10-01 17:50:28.505849,0,False
228,What is the Hindi of last ___,पिछले,2020-10-01 17:50:28.505849,0,False
229,What is the Hindi of let ___,चलो,2020-10-01 17:50:28.505849,0,False
230,What is the Hindi of thought ___,सोचा,2020-10-01 17:50:28.505849,0,False
231,What is the Hindi of city ___,शहर,2020-10-01 17:50:28.505849,0,False
232,What is the Hindi of tree ___,पेड़,2020-10-01 17:50:28.505849,0,False
233,What is the Hindi of cross ___,पार,2020-10-01 17:50:28.505849,0,False
234,What is the Hindi of farm ___,खेत,2020-10-01 17:50:28.505849,0,False
235,What is the Hindi of hard ___,कठिन,2020-10-01 17:50:28.505849,0,False
236,What is the Hindi of start ___,शुरुआत,2020-10-01 17:50:28.505849,0,False
237,What is the Hindi of might ___,हो सकता है,2020-10-01 17:50:28.505849,0,False
238,What is the Hindi of story ___,कहानी,2020-10-01 17:50:28.505849,0,False
239,What is the Hindi of saw ___,देखा,2020-10-01 17:50:28.505849,0,False
240,What is the Hindi of far ___,दूर,2020-10-01 17:50:28.505849,0,False
241,What is the Hindi of sea ___,समुद्र,2020-10-01 17:50:28.505849,0,False
242,What is the Hindi of draw ___,आकर्षित,2020-10-01 17:50:28.505849,0,False
243,What is the Hindi of left ___,छोड़ा,2020-10-01 17:50:28.505849,0,False
244,What is the Hindi of late ___,देर से,2020-10-01 17:50:28.505849,0,False
245,What is the Hindi of run ___,चलाने,2020-10-01 17:50:28.505849,0,False
246,What is the Hindi of don’t ___,ऐसा नहीं,2020-10-01 17:50:28.505849,0,False
247,What is the Hindi of while ___,जबकि,2020-10-01 17:50:28.505849,0,False
248,What is the Hindi of press ___,प्रेस,2020-10-01 17:50:28.505849,0,False
249,What is the Hindi of close ___,करीब,2020-10-01 17:50:28.505849,0,False
250,What is the Hindi of night ___,रात,2020-10-01 17:50:28.505849,0,False
251,What is the Hindi of real ___,असली,2020-10-01 17:50:28.505849,0,False
252,What is the Hindi of few ___,कुछ,2020-10-01 17:50:28.505849,0,False
253,What is the Hindi of state ___,राज्य,2020-10-01 17:50:28.505849,0,False
254,What is the Hindi of know ___,पता,2020-10-01 17:50:28.505849,0,False
255,What is the Hindi of notice ___,नोटिस,2020-10-01 17:50:28.505849,0,False
256,What is the Hindi of dark ___,अंधेरा,2020-10-01 17:50:28.505849,0,False
257,What is the Hindi of correct ___,सही,2020-10-01 17:50:28.505849,0,False
258,What is the Hindi of talk ___,वार्ता,2020-10-01 17:50:28.505849,0,False
259,What is the Hindi of took ___,ले लिया,2020-10-01 17:50:28.505849,0,False
260,What is the Hindi of science ___,विज्ञान,2020-10-01 17:50:28.505849,0,False
261,What is the Hindi of eat ___,खाने,2020-10-01 17:50:28.505849,0,False
262,What is the Hindi of room ___,कमरे,2020-10-01 17:50:28.505849,0,False
263,What is the Hindi of friend ___,दोस्त,2020-10-01 17:50:28.505849,0,False
264,What is the Hindi of began ___,शुरू हुआ,2020-10-01 17:50:28.505849,0,False
265,What is the Hindi of idea ___,विचार,2020-10-01 17:50:28.505849,0,False
266,What is the Hindi of fish ___,मछली,2020-10-01 17:50:28.505849,0,False
267,What is the Hindi of mountain ___,पहाड़,2020-10-01 17:50:28.505849,0,False
268,What is the Hindi of stop ___,रोक,2020-10-01 17:50:28.505849,0,False
269,What is the Hindi of once ___,एक बार,2020-10-01 17:50:28.505849,0,False
270,What is the Hindi of base ___,आधार,2020-10-01 17:50:28.505849,0,False
271,What is the Hindi of horse ___,घोड़ा,2020-10-01 17:50:28.505849,0,False
272,What is the Hindi of carry ___,ले,2020-10-01 17:50:28.505849,0,False
273,What is the Hindi of cut ___,कटौती,2020-10-01 17:50:28.505849,0,False
274,What is the Hindi of sure ___,यकीन,2020-10-01 17:50:28.505849,0,False
275,What is the Hindi of watch ___,घड़ी,2020-10-01 17:50:28.505849,0,False
276,What is the Hindi of color ___,रंग,2020-10-01 17:50:28.505849,0,False
277,What is the Hindi of face ___,चेहरा,2020-10-01 17:50:28.505849,0,False
278,What is the Hindi of wood ___,लकड़ी,2020-10-01 17:50:28.505849,0,False
279,What is the Hindi of main ___,मुख्य,2020-10-01 17:50:28.505849,0,False
280,What is the Hindi of open ___,खुला,2020-10-01 17:50:28.505849,0,False
281,What is the Hindi of seem ___,प्रतीत,2020-10-01 17:50:28.505849,0,False
282,What is the Hindi of together ___,एक साथ,2020-10-01 17:50:28.505849,0,False
283,What is the Hindi of next ___,अगला,2020-10-01 17:50:28.505849,0,False
284,What is the Hindi of white ___,सफेद,2020-10-01 17:50:28.505849,0,False
285,What is the Hindi of children ___,बच्चों,2020-10-01 17:50:28.505849,0,False
286,What is the Hindi of got ___,मिला,2020-10-01 17:50:28.505849,0,False
287,What is the Hindi of walk ___,चलना,2020-10-01 17:50:28.505849,0,False
288,What is the Hindi of bird ___,पक्षी,2020-10-01 17:50:28.505849,0,False
289,What is the Hindi of though ___,हालांकि,2020-10-01 17:50:28.505849,0,False
290,What is the Hindi of ease ___,आसानी,2020-10-01 17:50:28.505849,0,False
291,What is the Hindi of paper ___,कागज,2020-10-01 17:50:28.505849,0,False
292,What is the Hindi of group ___,समूह,2020-10-01 17:50:28.505849,0,False
293,What is the Hindi of always ___,सदैव,2020-10-01 17:50:28.505849,0,False
294,What is the Hindi of music ___,संगीत,2020-10-01 17:50:28.505849,0,False
295,What is the Hindi of those ___,उन,2020-10-01 17:50:28.505849,0,False
296,What is the Hindi of both ___,दोनों,2020-10-01 17:50:28.505849,0,False
297,What is the Hindi of mark ___,मार्क,2020-10-01 17:50:28.505849,0,False
298,What is the Hindi of often ___,अक्सर,2020-10-01 17:50:28.505849,0,False
299,What is the Hindi of letter ___,पत्र,2020-10-01 17:50:28.505849,0,False
300,What is the Hindi of until ___,जब तक,2020-10-01 17:50:28.505849,0,False
301,What is the Hindi of mile ___,मील,2020-10-01 17:50:28.505849,0,False
302,What is the Hindi of river ___,नदी,2020-10-01 17:50:28.505849,0,False
303,What is the Hindi of feet ___,पैर,2020-10-01 17:50:28.505849,0,False
304,What is the Hindi of possible ___,संभव,2020-10-01 17:50:28.505849,0,False
305,What is the Hindi of care ___,देखभाल,2020-10-01 17:50:28.505849,0,False
306,What is the Hindi of second ___,दूसरा,2020-10-01 17:50:28.505849,0,False
307,What is the Hindi of enough ___,पर्याप्त,2020-10-01 17:50:28.505849,0,False
308,What is the Hindi of plain ___,सादे,2020-10-01 17:50:28.505849,0,False
309,What is the Hindi of girl ___,लड़की,2020-10-01 17:50:28.505849,0,False
310,What is the Hindi of usual ___,हमेशा की तरह,2020-10-01 17:50:28.505849,0,False
311,What is the Hindi of young ___,युवा,2020-10-01 17:50:28.505849,0,False
312,What is the Hindi of ready ___,तैयार,2020-10-01 17:50:28.505849,0,False
313,What is the Hindi of above ___,ऊपर,2020-10-01 17:50:28.505849,0,False
314,What is the Hindi of ever ___,कभी,2020-10-01 17:50:28.505849,0,False
315,What is the Hindi of red ___,लाल,2020-10-01 17:50:28.505849,0,False
316,What is the Hindi of list ___,सूची,2020-10-01 17:50:28.505849,0,False
317,What is the Hindi of feel ___,लग रहा है,2020-10-01 17:50:28.505849,0,False
318,What is the Hindi of car ___,कार,2020-10-01 17:50:28.505849,0,False
319,What is the Hindi of plane ___,विमान,2020-10-01 17:50:28.505849,0,False
320,What is the Hindi of soon ___,शीघ्र,2020-10-01 17:50:28.505849,0,False
321,What is the Hindi of body ___,शरीर,2020-10-01 17:50:28.505849,0,False
322,What is the Hindi of dog ___,कुत्ते,2020-10-01 17:50:28.505849,0,False
323,What is the Hindi of family ___,परिवार,2020-10-01 17:50:28.505849,0,False
324,What is the Hindi of direct ___,प्रत्यक्ष,2020-10-01 17:50:28.505849,0,False
325,What is the Hindi of pose ___,ढोंग,2020-10-01 17:50:28.505849,0,False
326,What is the Hindi of leave ___,छोड़,2020-10-01 17:50:28.505849,0,False
327,What is the Hindi of song ___,गीत,2020-10-01 17:50:28.505849,0,False
328,What is the Hindi of measure ___,नाप,2020-10-01 17:50:28.505849,0,False
329,What is the Hindi of door ___,दरवाजा,2020-10-01 17:50:28.505849,0,False
330,What is the Hindi of product ___,उत्पाद,2020-10-01 17:50:28.505849,0,False
331,What is the Hindi of black ___,काला,2020-10-01 17:50:28.505849,0,False
332,What is the Hindi of short ___,कम,2020-10-01 17:50:28.505849,0,False
333,What is the Hindi of numeral ___,अंक,2020-10-01 17:50:28.505849,0,False
334,What is the Hindi of class ___,क्लास,2020-10-01 17:50:28.505849,0,False
335,What is the Hindi of wind ___,हवा,2020-10-01 17:50:28.505849,0,False
336,What is the Hindi of question ___,सवाल,2020-10-01 17:50:28.505849,0,False
337,What is the Hindi of happen ___,होना,2020-10-01 17:50:28.505849,0,False
338,What is the Hindi of complete ___,पूरा,2020-10-01 17:50:28.505849,0,False
339,What is the Hindi of ship ___,जहाज,2020-10-01 17:50:28.505849,0,False
340,What is the Hindi of area ___,क्षेत्र,2020-10-01 17:50:28.505849,0,False
341,What is the Hindi of half ___,आधा,2020-10-01 17:50:28.505849,0,False
342,What is the Hindi of rock ___,रॉक,2020-10-01 17:50:28.505849,0,False
343,What is the Hindi of order ___,आदेश,2020-10-01 17:50:28.505849,0,False
344,What is the Hindi of fire ___,आग,2020-10-01 17:50:28.505849,0,False
345,What is the Hindi of south ___,दक्षिण,2020-10-01 17:50:28.505849,0,False
346,What is the Hindi of problem ___,समस्या,2020-10-01 17:50:28.505849,0,False
347,What is the Hindi of piece ___,टुकड़ा,2020-10-01 17:50:28.505849,0,False
348,What is the Hindi of told ___,बताया,2020-10-01 17:50:28.505849,0,False
349,What is the Hindi of knew ___,पता था,2020-10-01 17:50:28.505849,0,False
350,What is the Hindi of pass ___,पास,2020-10-01 17:50:28.505849,0,False
351,What is the Hindi of since ___,के बाद से,2020-10-01 17:50:28.505849,0,False
352,What is the Hindi of top ___,शीर्ष,2020-10-01 17:50:28.505849,0,False
353,What is the Hindi of whole ___,पूरे,2020-10-01 17:50:28.505849,0,False
354,What is the Hindi of king ___,राजा,2020-10-01 17:50:28.505849,0,False
355,What is the Hindi of street ___,सड़क,2020-10-01 17:50:28.505849,0,False
356,What is the Hindi of inch ___,इंच,2020-10-01 17:50:28.505849,0,False
357,What is the Hindi of multiply ___,गुणा,2020-10-01 17:50:28.505849,0,False
358,What is the Hindi of nothing ___,कुछ नहीं,2020-10-01 17:50:28.505849,0,False
359,What is the Hindi of course ___,कोर्स,2020-10-01 17:50:28.505849,0,False
360,What is the Hindi of stay ___,रहना,2020-10-01 17:50:28.505849,0,False
361,What is the Hindi of wheel ___,पहिया,2020-10-01 17:50:28.505849,0,False
362,What is the Hindi of full ___,पूर्ण,2020-10-01 17:50:28.505849,0,False
363,What is the Hindi of force ___,बल,2020-10-01 17:50:28.505849,0,False
364,What is the Hindi of blue ___,नीला,2020-10-01 17:50:28.505849,0,False
365,What is the Hindi of object ___,वस्तु,2020-10-01 17:50:28.505849,0,False
366,What is the Hindi of decide ___,तय,2020-10-01 17:50:28.505849,0,False
367,What is the Hindi of surface ___,सतह,2020-10-01 17:50:28.505849,0,False
368,What is the Hindi of deep ___,गहरा,2020-10-01 17:50:28.505849,0,False
369,What is the Hindi of moon ___,चांद,2020-10-01 17:50:28.505849,0,False
370,What is the Hindi of island ___,द्वीप,2020-10-01 17:50:28.505849,0,False
371,What is the Hindi of foot ___,पैर,2020-10-01 17:50:28.505849,0,False
372,What is the Hindi of system ___,प्रणाली,2020-10-01 17:50:28.505849,0,False
373,What is the Hindi of busy ___,व्यस्त,2020-10-01 17:50:28.505849,0,False
374,What is the Hindi of test ___,परीक्षण,2020-10-01 17:50:28.505849,0,False
375,What is the Hindi of record ___,रिकॉर्ड,2020-10-01 17:50:28.505849,0,False
376,What is the Hindi of boat ___,नाव,2020-10-01 17:50:28.505849,0,False
377,What is the Hindi of common ___,आम,2020-10-01 17:50:28.505849,0,False
378,What is the Hindi of gold ___,सोना,2020-10-01 17:50:28.505849,0,False
379,What is the Hindi of example ___,उदाहरण,2020-10-01 17:50:28.505849,0,False
380,What is the Hindi of able ___,सक्षम,2020-10-01 17:50:28.505849,0,False
381,What is the Hindi of quick ___,त्वरित,2020-10-01 17:50:28.505849,0,False
382,What is the Hindi of fly ___,मक्खी,2020-10-01 17:50:28.505849,0,False
383,What is the Hindi of certain ___,कुछ,2020-10-01 17:50:28.505849,0,False
384,What is the Hindi of wonder ___,आश्चर्य,2020-10-01 17:50:28.505849,0,False
385,What is the Hindi of laugh ___,हंसी,2020-10-01 17:50:28.505849,0,False
386,What is the Hindi of thousand ___,हजार,2020-10-01 17:50:28.505849,0,False
387,What is the Hindi of ago ___,पहले,2020-10-01 17:50:28.505849,0,False
388,What is the Hindi of ran ___,भागा,2020-10-01 17:50:28.505849,0,False
389,What is the Hindi of check ___,जाँच,2020-10-01 17:50:28.505849,0,False
390,What is the Hindi of game ___,खेल,2020-10-01 17:50:28.505849,0,False
391,What is the Hindi of shape ___,आकार,2020-10-01 17:50:28.505849,0,False
392,What is the Hindi of equate ___,समानता,2020-10-01 17:50:28.505849,0,False
393,What is the Hindi of hot ___,गरम,2020-10-01 17:50:28.505849,0,False
394,What is the Hindi of miss ___,मिस,2020-10-01 17:50:28.505849,0,False
395,What is the Hindi of brought ___,लाया,2020-10-01 17:50:28.505849,0,False
396,What is the Hindi of snow ___,बर्फ,2020-10-01 17:50:28.505849,0,False
397,What is the Hindi of dry ___,सूखा,2020-10-01 17:50:28.505849,0,False
398,What is the Hindi of tire ___,टायर,2020-10-01 17:50:28.505849,0,False
399,What is the Hindi of bring ___,लाना,2020-10-01 17:50:28.505849,0,False
400,What is the Hindi of yes ___,हां,2020-10-01 17:50:28.505849,0,False
401,What is the Hindi of distant ___,दूर,2020-10-01 17:50:28.505849,0,False
402,What is the Hindi of fill ___,भरने,2020-10-01 17:50:28.505849,0,False
403,What is the Hindi of east ___,पूर्व,2020-10-01 17:50:28.505849,0,False
404,What is the Hindi of paint ___,रंग,2020-10-01 17:50:28.505849,0,False
405,What is the Hindi of language ___,भाषा,2020-10-01 17:50:28.505849,0,False
406,What is the Hindi of among ___,के बीच,2020-10-01 17:50:28.505849,0,False
407,What is the Hindi of unit ___,इकाई,2020-10-01 17:50:28.505849,0,False
408,What is the Hindi of power ___,बिजली,2020-10-01 17:50:28.505849,0,False
409,What is the Hindi of town ___,शहर,2020-10-01 17:50:28.505849,0,False
410,What is the Hindi of fine ___,ठीक,2020-10-01 17:50:28.505849,0,False
411,What is the Hindi of fall ___,गिरावट,2020-10-01 17:50:28.505849,0,False
412,What is the Hindi of ocean ___,सागर,2020-10-01 17:50:28.505849,0,False
413,What is the Hindi of lead ___,नेतृत्व,2020-10-01 17:50:28.505849,0,False
414,What is the Hindi of cry ___,रोना,2020-10-01 17:50:28.505849,0,False
415,What is the Hindi of many ___,कई,2020-10-01 17:50:28.505849,0,False
416,What is the Hindi of machine ___,मशीन,2020-10-01 17:50:28.505849,0,False
417,What is the Hindi of note ___,नोट,2020-10-01 17:50:28.505849,0,False
418,What is the Hindi of wait ___,इंतजार,2020-10-01 17:50:28.505849,0,False
419,What is the Hindi of plan ___,योजना,2020-10-01 17:50:28.505849,0,False
420,What is the Hindi of figure ___,आंकड़ा,2020-10-01 17:50:28.505849,0,False
421,What is the Hindi of star ___,सितारा,2020-10-01 17:50:28.505849,0,False
422,What is the Hindi of box ___,बॉक्स,2020-10-01 17:50:28.505849,0,False
423,What is the Hindi of noun ___,संज्ञा,2020-10-01 17:50:28.505849,0,False
424,What is the Hindi of field ___,क्षेत्र,2020-10-01 17:50:28.505849,0,False
425,What is the Hindi of rest ___,बाकी,2020-10-01 17:50:28.505849,0,False
426,What is the Hindi of pound ___,पाउंड,2020-10-01 17:50:28.505849,0,False
427,What is the Hindi of begin ___,प्रारंभ करना,2020-10-01 17:50:28.505849,0,False
428,What is the Hindi of stead ___,जगह,2020-10-01 17:50:28.505849,0,False
429,What is the Hindi of done ___,किया,2020-10-01 17:50:28.505849,0,False
430,What is the Hindi of beauty ___,सुंदरता,2020-10-01 17:50:28.505849,0,False
431,What is the Hindi of drive ___,ड्राइव,2020-10-01 17:50:28.505849,0,False
432,What is the Hindi of stood ___,खड़ा हुआ,2020-10-01 17:50:28.505849,0,False
433,What is the Hindi of contain ___,होते हैं,2020-10-01 17:50:28.505849,0,False
434,What is the Hindi of front ___,सामने,2020-10-01 17:50:28.505849,0,False
435,What is the Hindi of teach ___,सिखाना,2020-10-01 17:50:28.505849,0,False
436,What is the Hindi of week ___,सप्ताह,2020-10-01 17:50:28.505849,0,False
437,What is the Hindi of final ___,अंतिम,2020-10-01 17:50:28.505849,0,False
438,What is the Hindi of gave ___,दिया,2020-10-01 17:50:28.505849,0,False
439,What is the Hindi of green ___,हरे रंग,2020-10-01 17:50:28.505849,0,False
440,What is the Hindi of oh ___,ओह,2020-10-01 17:50:28.505849,0,False
441,What is the Hindi of develop ___,विकसित,2020-10-01 17:50:28.505849,0,False
442,What is the Hindi of warm ___,गर्म,2020-10-01 17:50:28.505849,0,False
443,What is the Hindi of heat ___,गर्मी,2020-10-01 17:50:28.505849,0,False
444,What is the Hindi of free ___,मुक्त,2020-10-01 17:50:28.505849,0,False
445,What is the Hindi of minute ___,मिनट,2020-10-01 17:50:28.505849,0,False
446,What is the Hindi of strong ___,मजबूत,2020-10-01 17:50:28.505849,0,False
447,What is the Hindi of special ___,विशेष,2020-10-01 17:50:28.505849,0,False
448,What is the Hindi of mind ___,मन,2020-10-01 17:50:28.505849,0,False
449,What is the Hindi of behind ___,पीछे,2020-10-01 17:50:28.505849,0,False
450,What is the Hindi of clear ___,स्पष्ट,2020-10-01 17:50:28.505849,0,False
451,What is the Hindi of tail ___,पूंछ,2020-10-01 17:50:28.505849,0,False
452,What is the Hindi of produce ___,उत्पादन,2020-10-01 17:50:28.505849,0,False
453,What is the Hindi of fact ___,तथ्य,2020-10-01 17:50:28.505849,0,False
454,What is the Hindi of space ___,अंतरिक्ष,2020-10-01 17:50:28.505849,0,False
455,What is the Hindi of heard ___,सुना,2020-10-01 17:50:28.505849,0,False
456,What is the Hindi of best ___,सर्वश्रेष्ठ,2020-10-01 17:50:28.505849,0,False
457,What is the Hindi of hour ___,घंटे,2020-10-01 17:50:28.505849,0,False
458,What is the Hindi of better ___,बेहतर,2020-10-01 17:50:28.505849,0,False
459,What is the Hindi of true ___,सच,2020-10-01 17:50:28.505849,0,False
460,What is the Hindi of during ___,दौरान,2020-10-01 17:50:28.505849,0,False
461,What is the Hindi of hundred ___,सौ,2020-10-01 17:50:28.505849,0,False
462,What is the Hindi of five ___,पांच,2020-10-01 17:50:28.505849,0,False
463,What is the Hindi of remember ___,याद,2020-10-01 17:50:28.505849,0,False
464,What is the Hindi of step ___,कदम,2020-10-01 17:50:28.505849,0,False
465,What is the Hindi of early ___,शीघ्र,2020-10-01 17:50:28.505849,0,False
466,What is the Hindi of hold ___,पकड़,2020-10-01 17:50:28.505849,0,False
467,What is the Hindi of west ___,पश्चिम,2020-10-01 17:50:28.505849,0,False
468,What is the Hindi of ground ___,जमीन,2020-10-01 17:50:28.505849,0,False
469,What is the Hindi of interest ___,ब्याज,2020-10-01 17:50:28.505849,0,False
470,What is the Hindi of reach ___,तक पहुँचने,2020-10-01 17:50:28.505849,0,False
471,What is the Hindi of fast ___,तेजी,2020-10-01 17:50:28.505849,0,False
472,What is the Hindi of verb ___,क्रिया,2020-10-01 17:50:28.505849,0,False
473,What is the Hindi of sing ___,गाना,2020-10-01 17:50:28.505849,0,False
474,What is the Hindi of listen ___,सुनो,2020-10-01 17:50:28.505849,0,False
475,What is the Hindi of six ___,छह,2020-10-01 17:50:28.505849,0,False
476,What is the Hindi of table ___,तालिका,2020-10-01 17:50:28.505849,0,False
477,What is the Hindi of travel ___,यात्रा,2020-10-01 17:50:28.505849,0,False
478,What is the Hindi of less ___,कम,2020-10-01 17:50:28.505849,0,False
479,What is the Hindi of morning ___,सुबह,2020-10-01 17:50:28.505849,0,False
480,What is the Hindi of ten ___,दस,2020-10-01 17:50:28.505849,0,False
481,What is the Hindi of simple ___,सरल,2020-10-01 17:50:28.505849,0,False
482,What is the Hindi of several ___,कई,2020-10-01 17:50:28.505849,0,False
483,What is the Hindi of vowel ___,स्वर,2020-10-01 17:50:28.505849,0,False
484,What is the Hindi of toward ___,की ओर,2020-10-01 17:50:28.505849,0,False
485,What is the Hindi of war ___,युद्ध,2020-10-01 17:50:28.505849,0,False
486,What is the Hindi of lay ___,रखना,2020-10-01 17:50:28.505849,0,False
487,What is the Hindi of against ___,के खिलाफ,2020-10-01 17:50:28.505849,0,False
488,What is the Hindi of pattern ___,पैटर्न,2020-10-01 17:50:28.505849,0,False
489,What is the Hindi of slow ___,धीमी,2020-10-01 17:50:28.505849,0,False
490,What is the Hindi of center ___,केंद्र,2020-10-01 17:50:28.505849,0,False
491,What is the Hindi of love ___,प्यार,2020-10-01 17:50:28.505849,0,False
492,What is the Hindi of person ___,व्यक्ति,2020-10-01 17:50:28.505849,0,False
493,What is the Hindi of money ___,धन,2020-10-01 17:50:28.505849,0,False
494,What is the Hindi of serve ___,सेवा कर,2020-10-01 17:50:28.505849,0,False
495,What is the Hindi of appear ___,प्रकट,2020-10-01 17:50:28.505849,0,False
496,What is the Hindi of road ___,सड़क,2020-10-01 17:50:28.505849,0,False
497,What is the Hindi of map ___,नक्शा,2020-10-01 17:50:28.505849,0,False
498,What is the Hindi of rain ___,बारिश,2020-10-01 17:50:28.505849,0,False
499,What is the Hindi of rule ___,नियम,2020-10-01 17:50:28.505849,0,False
500,What is the Hindi of govern ___,शासन,2020-10-01 17:50:28.505849,0,False
501,What is the Hindi of pull ___,खींच,2020-10-01 17:50:28.505849,0,False
502,What is the Hindi of cold ___,ठंड,2020-10-01 17:50:28.505849,0,False
503,What is the Hindi of then ___,तो,2020-10-01 17:50:28.505849,0,False
504,What is the Hindi of square ___,वर्ग,2020-10-01 17:50:28.505849,0,False
505,What is the Hindi of him ___,उसे,2020-10-01 17:50:28.505849,0,False
506,What is the Hindi of bed ___,बिस्तर,2020-10-01 17:50:28.505849,0,False
507,What is the Hindi of egg ___,अंडा,2020-10-01 17:50:28.505849,0,False
508,What is the Hindi of ride ___,सवारी,2020-10-01 17:50:28.505849,0,False
509,What is the Hindi of cell ___,सेल,2020-10-01 17:50:28.505849,0,False
510,What is the Hindi of believe ___,विश्वास है,2020-10-01 17:50:28.505849,0,False
511,What is the Hindi of perhaps ___,शायद,2020-10-01 17:50:28.505849,0,False
512,What is the Hindi of pick ___,उठाओ,2020-10-01 17:50:28.505849,0,False
513,What is the Hindi of sudden ___,अचानक,2020-10-01 17:50:28.505849,0,False
514,What is the Hindi of count ___,गिनती,2020-10-01 17:50:28.505849,0,False
515,What is the Hindi of reason ___,कारण,2020-10-01 17:50:28.505849,0,False
516,What is the Hindi of oil ___,तेल,2020-10-01 17:50:28.505849,0,False
517,What is the Hindi of length ___,लंबाई,2020-10-01 17:50:28.505849,0,False
518,What is the Hindi of represent ___,का प्रतिनिधित्व,2020-10-01 17:50:28.505849,0,False
519,What is the Hindi of art ___,कला,2020-10-01 17:50:28.505849,0,False
520,What is the Hindi of subject ___,विषय,2020-10-01 17:50:28.505849,0,False
521,What is the Hindi of region ___,क्षेत्र,2020-10-01 17:50:28.505849,0,False
522,What is the Hindi of size ___,आकार,2020-10-01 17:50:28.505849,0,False
523,What is the Hindi of vary ___,भिन्न हो,2020-10-01 17:50:28.505849,0,False
524,What is the Hindi of settle ___,बसा,2020-10-01 17:50:28.505849,0,False
525,What is the Hindi of speak ___,बोलना,2020-10-01 17:50:28.505849,0,False
526,What is the Hindi of weight ___,वजन,2020-10-01 17:50:28.505849,0,False
527,What is the Hindi of general ___,सामान्य,2020-10-01 17:50:28.505849,0,False
528,What is the Hindi of ice ___,बर्फ,2020-10-01 17:50:28.505849,0,False
529,What is the Hindi of circle ___,वृत्त,2020-10-01 17:50:28.505849,0,False
530,What is the Hindi of leg ___,पैर,2020-10-01 17:50:28.505849,0,False
531,What is the Hindi of exercise ___,व्यायाम,2020-10-01 17:50:28.505849,0,False
532,What is the Hindi of wall ___,दीवार,2020-10-01 17:50:28.505849,0,False
533,What is the Hindi of hope ___,आशा,2020-10-01 17:50:28.505849,0,False
534,What is the Hindi of brother ___,भाई,2020-10-01 17:50:28.505849,0,False
535,What is the Hindi of probable ___,संभावित,2020-10-01 17:50:28.505849,0,False
536,What is the Hindi of strange ___,अजीब,2020-10-01 17:50:28.505849,0,False
537,What is the Hindi of pair ___,जोड़ी,2020-10-01 17:50:28.505849,0,False
538,What is the Hindi of wave ___,लहर,2020-10-01 17:50:28.505849,0,False
539,What is the Hindi of drop ___,ड्रॉप,2020-10-01 17:50:28.505849,0,False
540,What is the Hindi of heart ___,दिल,2020-10-01 17:50:28.505849,0,False
541,What is the Hindi of am ___,AM,2020-10-01 17:50:28.505849,0,False
542,What is the Hindi of present ___,वर्तमान,2020-10-01 17:50:28.505849,0,False
543,What is the Hindi of heavy ___,भारी,2020-10-01 17:50:28.505849,0,False
544,What is the Hindi of dance ___,नृत्य,2020-10-01 17:50:28.505849,0,False
545,What is the Hindi of position ___,स्थिति,2020-10-01 17:50:28.505849,0,False
546,What is the Hindi of blow ___,झटका,2020-10-01 17:50:28.505849,0,False
547,What is the Hindi of wide ___,विस्तृत,2020-10-01 17:50:28.505849,0,False
548,What is the Hindi of bad ___,बुरा,2020-10-01 17:50:28.505849,0,False
549,What is the Hindi of sail ___,स्टील अथॉरिटी ऑफ इंडिया,2020-10-01 17:50:28.505849,0,False
550,What is the Hindi of material ___,सामग्री,2020-10-01 17:50:28.505849,0,False
551,What is the Hindi of fraction ___,अंश,2020-10-01 17:50:28.505849,0,False
552,What is the Hindi of forest ___,वन,2020-10-01 17:50:28.505849,0,False
553,What is the Hindi of sit ___,बैठना,2020-10-01 17:50:28.505849,0,False
554,What is the Hindi of race ___,दौड़,2020-10-01 17:50:28.505849,0,False
555,What is the Hindi of window ___,खिड़की,2020-10-01 17:50:28.505849,0,False
556,What is the Hindi of store ___,दुकान,2020-10-01 17:50:28.505849,0,False
557,What is the Hindi of summer ___,गर्मियों,2020-10-01 17:50:28.505849,0,False
558,What is the Hindi of train ___,सफर,2020-10-01 17:50:28.505849,0,False
559,What is the Hindi of sleep ___,नींद,2020-10-01 17:50:28.505849,0,False
560,What is the Hindi of lone ___,लोन,2020-10-01 17:50:28.505849,0,False
561,What is the Hindi of syllable ___,शब्दांश,2020-10-01 17:50:28.505849,0,False
562,What is the Hindi of divide ___,विभाजन,2020-10-01 17:50:28.505849,0,False
563,What is the Hindi of matter ___,मामला,2020-10-01 17:50:28.505849,0,False
564,What is the Hindi of include ___,शामिल,2020-10-01 17:50:28.505849,0,False
565,What is the Hindi of clothe ___,कपड़े,2020-10-01 17:50:28.505849,0,False
566,What is the Hindi of gone ___,चला गया,2020-10-01 17:50:28.505849,0,False
567,What is the Hindi of ball ___,गेंद,2020-10-01 17:50:28.505849,0,False
568,What is the Hindi of sky ___,आसमान,2020-10-01 17:50:28.505849,0,False
569,What is the Hindi of joy ___,हर्ष,2020-10-01 17:50:28.505849,0,False
570,What is the Hindi of winter ___,सर्दियों,2020-10-01 17:50:28.505849,0,False
571,What is the Hindi of sat ___,शनि,2020-10-01 17:50:28.505849,0,False
572,What is the Hindi of written ___,लिखित,2020-10-01 17:50:28.505849,0,False
573,What is the Hindi of wild ___,जंगली,2020-10-01 17:50:28.505849,0,False
574,What is the Hindi of instrument ___,साधन,2020-10-01 17:50:28.505849,0,False
575,What is the Hindi of kept ___,रखा,2020-10-01 17:50:28.505849,0,False
576,What is the Hindi of glass ___,कांच,2020-10-01 17:50:28.505849,0,False
577,What is the Hindi of grass ___,घास,2020-10-01 17:50:28.505849,0,False
578,What is the Hindi of cow ___,गाय,2020-10-01 17:50:28.505849,0,False
579,What is the Hindi of job ___,काम,2020-10-01 17:50:28.505849,0,False
580,What is the Hindi of edge ___,बढ़त,2020-10-01 17:50:28.505849,0,False
581,What is the Hindi of sign ___,साइन,2020-10-01 17:50:28.505849,0,False
582,What is the Hindi of visit ___,यात्रा,2020-10-01 17:50:28.505849,0,False
583,What is the Hindi of past ___,अतीत,2020-10-01 17:50:28.505849,0,False
584,What is the Hindi of soft ___,मुलायम,2020-10-01 17:50:28.505849,0,False
585,What is the Hindi of fun ___,मज़ा,2020-10-01 17:50:28.505849,0,False
586,What is the Hindi of bright ___,उज्ज्वल,2020-10-01 17:50:28.505849,0,False
587,What is the Hindi of gas ___,गैस,2020-10-01 17:50:28.505849,0,False
588,What is the Hindi of weather ___,मौसम,2020-10-01 17:50:28.505849,0,False
589,What is the Hindi of month ___,माह,2020-10-01 17:50:28.505849,0,False
590,What is the Hindi of million ___,लाख,2020-10-01 17:50:28.505849,0,False
591,What is the Hindi of bear ___,भालू,2020-10-01 17:50:28.505849,0,False
592,What is the Hindi of dead ___,मृत,2020-10-01 17:50:28.505849,0,False
593,What is the Hindi of hunt ___,शिकार,2020-10-01 17:50:28.505849,0,False
594,What is the Hindi of discuss ___,चर्चा,2020-10-01 17:50:28.505849,0,False
595,What is the Hindi of slip ___,पर्ची,2020-10-01 17:50:28.505849,0,False
596,What is the Hindi of board ___,बोर्ड,2020-10-01 17:50:28.505849,0,False
597,What is the Hindi of wish ___,इच्छा,2020-10-01 17:50:28.505849,0,False
598,What is the Hindi of trade ___,व्यापार,2020-10-01 17:50:28.505849,0,False
599,What is the Hindi of mount ___,माउंट,2020-10-01 17:50:28.505849,0,False
600,What is the Hindi of melody ___,राग,2020-10-01 17:50:28.505849,0,False
601,What is the Hindi of trip ___,यात्रा,2020-10-01 17:50:28.505849,0,False
602,What is the Hindi of office ___,कार्यालय,2020-10-01 17:50:28.505849,0,False
603,What is the Hindi of receive ___,प्राप्त करना,2020-10-01 17:50:28.505849,0,False
604,What is the Hindi of row ___,पंक्ति,2020-10-01 17:50:28.505849,0,False
605,What is the Hindi of mouth ___,मुंह,2020-10-01 17:50:28.505849,0,False
606,What is the Hindi of exact ___,सटीक,2020-10-01 17:50:28.505849,0,False
607,What is the Hindi of symbol ___,प्रतीक,2020-10-01 17:50:28.505849,0,False
608,What is the Hindi of die ___,मरना,2020-10-01 17:50:28.505849,0,False
609,What is the Hindi of least ___,कम से कम,2020-10-01 17:50:28.505849,0,False
610,What is the Hindi of trouble ___,मुसीबत,2020-10-01 17:50:28.505849,0,False
611,What is the Hindi of shout ___,चिल्लाओ,2020-10-01 17:50:28.505849,0,False
612,What is the Hindi of except ___,सिवाय,2020-10-01 17:50:28.505849,0,False
613,What is the Hindi of wrote ___,लिखा,2020-10-01 17:50:28.505849,0,False
614,What is the Hindi of seed ___,बीज,2020-10-01 17:50:28.505849,0,False
615,What is the Hindi of tone ___,स्वर,2020-10-01 17:50:28.505849,0,False
616,What is the Hindi of join ___,शामिल होने,2020-10-01 17:50:28.505849,0,False
617,What is the Hindi of suggest ___,सुझाव है,2020-10-01 17:50:28.505849,0,False
618,What is the Hindi of clean ___,साफ,2020-10-01 17:50:28.505849,0,False
619,What is the Hindi of break ___,तोड़,2020-10-01 17:50:28.505849,0,False
620,What is the Hindi of lady ___,महिला,2020-10-01 17:50:28.505849,0,False
621,What is the Hindi of yard ___,यार्ड,2020-10-01 17:50:28.505849,0,False
622,What is the Hindi of rise ___,वृद्धि,2020-10-01 17:50:28.505849,0,False
623,What is the Hindi of flower ___,फूल,2020-10-01 17:50:28.505849,0,False
624,What is the Hindi of happy ___,खुश,2020-10-01 17:50:28.505849,0,False
625,What is the Hindi of catch ___,पकड़,2020-10-01 17:50:28.505849,0,False
626,What is the Hindi of finish ___,खत्म,2020-10-01 17:50:28.505849,0,False
627,What is the Hindi of yet ___,अभी तक,2020-10-01 17:50:28.505849,0,False
628,What is the Hindi of grand ___,भव्य,2020-10-01 17:50:28.505849,0,False
629,What is the Hindi of see ___,देखना,2020-10-01 17:50:28.505849,0,False
630,What is the Hindi of quite ___,काफी,2020-10-01 17:50:28.505849,0,False
631,What is the Hindi of case ___,मामले,2020-10-01 17:50:28.505849,0,False
632,What is the Hindi of touch ___,स्पर्श,2020-10-01 17:50:28.505849,0,False
633,What is the Hindi of grew ___,बढ़ी,2020-10-01 17:50:28.505849,0,False
634,What is the Hindi of cent ___,प्रतिशत,2020-10-01 17:50:28.505849,0,False
635,What is the Hindi of mix ___,मिश्रण,2020-10-01 17:50:28.505849,0,False
636,What is the Hindi of team ___,टीम,2020-10-01 17:50:28.505849,0,False
637,What is the Hindi of wire ___,तार,2020-10-01 17:50:28.505849,0,False
638,What is the Hindi of cost ___,लागत,2020-10-01 17:50:28.505849,0,False
639,What is the Hindi of lost ___,खोया,2020-10-01 17:50:28.505849,0,False
640,What is the Hindi of brown ___,ब्राउन,2020-10-01 17:50:28.505849,0,False
641,What is the Hindi of wear ___,पहनना,2020-10-01 17:50:28.505849,0,False
642,What is the Hindi of garden ___,बगीचा,2020-10-01 17:50:28.505849,0,False
643,What is the Hindi of equal ___,बराबर,2020-10-01 17:50:28.505849,0,False
644,What is the Hindi of choose ___,चयन,2020-10-01 17:50:28.505849,0,False
645,What is the Hindi of hair ___,बाल,2020-10-01 17:50:28.505849,0,False
646,What is the Hindi of fell ___,गिर गया,2020-10-01 17:50:28.505849,0,False
647,What is the Hindi of fit ___,फिट,2020-10-01 17:50:28.505849,0,False
648,What is the Hindi of flow ___,प्रवाह,2020-10-01 17:50:28.505849,0,False
649,What is the Hindi of fair ___,मेला,2020-10-01 17:50:28.505849,0,False
650,What is the Hindi of bank ___,बैंक,2020-10-01 17:50:28.505849,0,False
651,What is the Hindi of collect ___,इकट्ठा,2020-10-01 17:50:28.505849,0,False
652,What is the Hindi of save ___,बचा,2020-10-01 17:50:28.505849,0,False
653,What is the Hindi of control ___,नियंत्रण,2020-10-01 17:50:28.505849,0,False
654,What is the Hindi of decimal ___,दशमलव,2020-10-01 17:50:28.505849,0,False
655,What is the Hindi of ear ___,कान,2020-10-01 17:50:28.505849,0,False
656,What is the Hindi of tiny ___,छोटे,2020-10-01 17:50:28.505849,0,False
657,What is the Hindi of climb ___,चढ़ाई,2020-10-01 17:50:28.505849,0,False
658,What is the Hindi of else ___,बाकी,2020-10-01 17:50:28.505849,0,False
659,What is the Hindi of broke ___,तोड़ दिया,2020-10-01 17:50:28.505849,0,False
660,What is the Hindi of seven ___,सात,2020-10-01 17:50:28.505849,0,False
661,What is the Hindi of middle ___,बीच,2020-10-01 17:50:28.505849,0,False
662,What is the Hindi of finger ___,उंगली,2020-10-01 17:50:28.505849,0,False
663,What is the Hindi of nation ___,राष्ट्र,2020-10-01 17:50:28.505849,0,False
664,What is the Hindi of kill ___,हत्या,2020-10-01 17:50:28.505849,0,False
665,What is the Hindi of son ___,बेटा,2020-10-01 17:50:28.505849,0,False
666,What is the Hindi of poor ___,गरीब,2020-10-01 17:50:28.505849,0,False
667,What is the Hindi of natural ___,प्राकृतिक,2020-10-01 17:50:28.505849,0,False
668,What is the Hindi of excite ___,उत्तेजित,2020-10-01 17:50:28.505849,0,False
669,What is the Hindi of beat ___,हरा,2020-10-01 17:50:28.505849,0,False
670,What is the Hindi of lie ___,झूठ,2020-10-01 17:50:28.505849,0,False
671,What is the Hindi of fight ___,लड़ाई,2020-10-01 17:50:28.505849,0,False
672,What is the Hindi of value ___,मूल्य,2020-10-01 17:50:28.505849,0,False
673,What is the Hindi of industry ___,उद्योग,2020-10-01 17:50:28.505849,0,False
674,What is the Hindi of consonant ___,व्यंजन,2020-10-01 17:50:28.505849,0,False
675,What is the Hindi of dictionary ___,शब्दकोश,2020-10-01 17:50:28.505849,0,False
676,What is the Hindi of temperature ___,तापमान,2020-10-01 17:50:28.505849,0,False
677,What is the Hindi of milk ___,दूध,2020-10-01 17:50:28.505849,0,False
678,What is the Hindi of speed ___,गति,2020-10-01 17:50:28.505849,0,False
679,What is the Hindi of organ ___,अंग,2020-10-01 17:50:28.505849,0,False
680,What is the Hindi of experiment ___,प्रयोग,2020-10-01 17:50:28.505849,0,False
681,What is the Hindi of pay ___,भुगतान,2020-10-01 17:50:28.505849,0,False
682,What is the Hindi of age ___,उम्र,2020-10-01 17:50:28.505849,0,False
683,What is the Hindi of section ___,अनुभाग,2020-10-01 17:50:28.505849,0,False
684,What is the Hindi of dress ___,पोशाक,2020-10-01 17:50:28.505849,0,False
685,What is the Hindi of cloud ___,बादल,2020-10-01 17:50:28.505849,0,False
686,What is the Hindi of surprise ___,आश्चर्य,2020-10-01 17:50:28.505849,0,False
687,What is the Hindi of quiet ___,शांत,2020-10-01 17:50:28.505849,0,False
688,What is the Hindi of stone ___,पत्थर,2020-10-01 17:50:28.505849,0,False
689,What is the Hindi of cool ___,शीतल,2020-10-01 17:50:28.505849,0,False
690,What is the Hindi of third ___,तीसरे,2020-10-01 17:50:28.505849,0,False
691,What is the Hindi of felt ___,लगा,2020-10-01 17:50:28.505849,0,False
692,What is the Hindi of sense ___,भावना,2020-10-01 17:50:28.505849,0,False
693,What is the Hindi of floor ___,मंजिल,2020-10-01 17:50:28.505849,0,False
694,What is the Hindi of describe ___,वर्णन,2020-10-01 17:50:28.505849,0,False
695,What is the Hindi of iron ___,लोहा,2020-10-01 17:50:28.505849,0,False
696,What is the Hindi of single ___,एकल,2020-10-01 17:50:28.505849,0,False
697,What is the Hindi of stick ___,छड़ी,2020-10-01 17:50:28.505849,0,False
698,What is the Hindi of flat ___,फ्लैट,2020-10-01 17:50:28.505849,0,False
699,What is the Hindi of twenty ___,बीस,2020-10-01 17:50:28.505849,0,False
700,What is the Hindi of skin ___,त्वचा,2020-10-01 17:50:28.505849,0,False
701,What is the Hindi of smile ___,मुस्कान,2020-10-01 17:50:28.505849,0,False
702,What is the Hindi of crease ___,क्रीज,2020-10-01 17:50:28.505849,0,False
703,What is the Hindi of hole ___,छेद,2020-10-01 17:50:28.505849,0,False
704,What is the Hindi of jump ___,कूद,2020-10-01 17:50:28.505849,0,False
705,What is the Hindi of baby ___,बच्चे,2020-10-01 17:50:28.505849,0,False
706,What is the Hindi of eight ___,आठ,2020-10-01 17:50:28.505849,0,False
707,What is the Hindi of village ___,गांव,2020-10-01 17:50:28.505849,0,False
708,What is the Hindi of meet ___,मिलो,2020-10-01 17:50:28.505849,0,False
709,What is the Hindi of root ___,जड़,2020-10-01 17:50:28.505849,0,False
710,What is the Hindi of buy ___,खरीद,2020-10-01 17:50:28.505849,0,False
711,What is the Hindi of raise ___,उठाना,2020-10-01 17:50:28.505849,0,False
712,What is the Hindi of solve ___,हल,2020-10-01 17:50:28.505849,0,False
713,What is the Hindi of metal ___,धातु,2020-10-01 17:50:28.505849,0,False
714,What is the Hindi of sent ___,भेजा,2020-10-01 17:50:28.505849,0,False
715,What is the Hindi of blood ___,खून,2020-10-01 17:50:28.505849,0,False
716,What is the Hindi of capital ___,राजधानी,2020-10-01 17:50:28.505849,0,False
717,What is the Hindi of engine ___,इंजन,2020-10-01 17:50:28.505849,0,False
718,What is the Hindi of prove ___,साबित,2020-10-01 17:50:28.505849,0,False
719,What is the Hindi of arm ___,बांह,2020-10-01 17:50:28.505849,0,False
720,What is the Hindi of I ___,मैं,2020-10-01 17:50:28.505849,0,False
721,What is the Hindi of bottom ___,तल,2020-10-01 17:50:28.505849,0,False
722,What is the Hindi of shall ___,करेगा,2020-10-01 17:50:28.505849,0,False
723,What is the Hindi of lot ___,बहुत,2020-10-01 17:50:28.505849,0,False
724,What is the Hindi of held ___,आयोजित,2020-10-01 17:50:28.505849,0,False
725,What is the Hindi of cook ___,कुक,2020-10-01 17:50:28.505849,0,False
726,What is the Hindi of either ___,भी,2020-10-01 17:50:28.505849,0,False
727,What is the Hindi of silent ___,चुप,2020-10-01 17:50:28.505849,0,False
728,What is the Hindi of view ___,देखें,2020-10-01 17:50:28.505849,0,False
729,What is the Hindi of result ___,परिणाम,2020-10-01 17:50:28.505849,0,False
730,What is the Hindi of burn ___,जला,2020-10-01 17:50:28.505849,0,False
731,What is the Hindi of hill ___,पहाड़ी,2020-10-01 17:50:28.505849,0,False
732,What is the Hindi of safe ___,सुरक्षित,2020-10-01 17:50:28.505849,0,False
733,What is the Hindi of cat ___,बिल्ली,2020-10-01 17:50:28.505849,0,False
734,What is the Hindi of century ___,सदी,2020-10-01 17:50:28.505849,0,False
735,What is the Hindi of consider ___,विचार करना,2020-10-01 17:50:28.505849,0,False
736,What is the Hindi of type ___,प्रकार,2020-10-01 17:50:28.505849,0,False
737,What is the Hindi of law ___,कानून,2020-10-01 17:50:28.505849,0,False
738,What is the Hindi of bit ___,बिट,2020-10-01 17:50:28.505849,0,False
739,What is the Hindi of coast ___,तट,2020-10-01 17:50:28.505849,0,False
740,What is the Hindi of copy ___,नकल,2020-10-01 17:50:28.505849,0,False
741,What is the Hindi of phrase ___,वाक्यांश,2020-10-01 17:50:28.505849,0,False
742,What is the Hindi of tall ___,लंबा,2020-10-01 17:50:28.505849,0,False
743,What is the Hindi of key ___,कुंजी,2020-10-01 17:50:28.505849,0,False
744,What is the Hindi of sand ___,रेत,2020-10-01 17:50:28.505849,0,False
745,What is the Hindi of soil ___,मिट्टी,2020-10-01 17:50:28.505849,0,False
746,What is the Hindi of roll ___,रोल,2020-10-01 17:50:28.505849,0,False
747,What is the Hindi of paragraph ___,पैरा,2020-10-01 17:50:28.505849,0,False
748,What is the Hindi of push ___,धक्का,2020-10-01 17:50:28.505849,0,False
749,What is the Hindi of design ___,डिजाइन,2020-10-01 17:50:28.505849,0,False
750,What is the Hindi of whether ___,चाहे,2020-10-01 17:50:28.505849,0,False
751,What is the Hindi of similar ___,इसी तरह,2020-10-01 17:50:28.505849,0,False
752,What is the Hindi of silver ___,चांदी,2020-10-01 17:50:28.505849,0,False
753,What is the Hindi of thank ___,धन्यवाद,2020-10-01 17:50:28.505849,0,False
754,What is the Hindi of period ___,अवधि,2020-10-01 17:50:28.505849,0,False
755,What is the Hindi of danger ___,खतरे,2020-10-01 17:50:28.505849,0,False
756,What is the Hindi of fruit ___,फल,2020-10-01 17:50:28.505849,0,False
757,What is the Hindi of rich ___,अमीर,2020-10-01 17:50:28.505849,0,False
758,What is the Hindi of thick ___,मोटी,2020-10-01 17:50:28.505849,0,False
759,What is the Hindi of soldier ___,सैनिक,2020-10-01 17:50:28.505849,0,False
760,What is the Hindi of process ___,प्रक्रिया,2020-10-01 17:50:28.505849,0,False
761,What is the Hindi of operate ___,संचालित,2020-10-01 17:50:28.505849,0,False
762,What is the Hindi of practice ___,अभ्यास,2020-10-01 17:50:28.505849,0,False
763,What is the Hindi of separate ___,अलग,2020-10-01 17:50:28.505849,0,False
764,What is the Hindi of difficult ___,मुश्किल,2020-10-01 17:50:28.505849,0,False
765,What is the Hindi of doctor ___,चिकित्सक,2020-10-01 17:50:28.505849,0,False
766,What is the Hindi of protect ___,रक्षा,2020-10-01 17:50:28.505849,0,False
767,What is the Hindi of duck ___,बतख,2020-10-01 17:50:28.505849,0,False
768,What is the Hindi of noon ___,दोपहर,2020-10-01 17:50:28.505849,0,False
769,What is the Hindi of crop ___,फसल,2020-10-01 17:50:28.505849,0,False
770,What is the Hindi of modern ___,आधुनिक,2020-10-01 17:50:28.505849,0,False
771,What is the Hindi of element ___,तत्व,2020-10-01 17:50:28.505849,0,False
772,What is the Hindi of hit ___,मारना,2020-10-01 17:50:28.505849,0,False
773,What is the Hindi of student ___,छात्र,2020-10-01 17:50:28.505849,0,False
774,What is the Hindi of corner ___,कोने,2020-10-01 17:50:28.505849,0,False
775,What is the Hindi of party ___,पार्टी,2020-10-01 17:50:28.505849,0,False
776,What is the Hindi of supply ___,आपूर्ति,2020-10-01 17:50:28.505849,0,False
777,What is the Hindi of whose ___,जिसका,2020-10-01 17:50:28.505849,0,False
778,What is the Hindi of locate ___,स्थिति जानें,2020-10-01 17:50:28.505849,0,False
779,What is the Hindi of ring ___,अंगूठी,2020-10-01 17:50:28.505849,0,False
780,What is the Hindi of insect ___,कीट,2020-10-01 17:50:28.505849,0,False
781,What is the Hindi of poem ___,कविता,2020-10-01 17:50:28.505849,0,False
782,What is the Hindi of caught ___,पकड़ा,2020-10-01 17:50:28.505849,0,False
783,What is the Hindi of character ___,चरित्र,2020-10-01 17:50:28.505849,0,False
784,What is the Hindi of bell ___,बेल,2020-10-01 17:50:28.505849,0,False
785,What is the Hindi of indicate ___,संकेत मिलता है,2020-10-01 17:50:28.505849,0,False
786,What is the Hindi of atom ___,एटम,2020-10-01 17:50:28.505849,0,False
787,What is the Hindi of human ___,मानव,2020-10-01 17:50:28.505849,0,False
788,What is the Hindi of history ___,इतिहास,2020-10-01 17:50:28.505849,0,False
789,What is the Hindi of effect ___,प्रभाव,2020-10-01 17:50:28.505849,0,False
790,What is the Hindi of electric ___,बिजली,2020-10-01 17:50:28.505849,0,False
791,What is the Hindi of expect ___,उम्मीद,2020-10-01 17:50:28.505849,0,False
792,What is the Hindi of bone ___,हड्डी,2020-10-01 17:50:28.505849,0,False
793,What is the Hindi of rail ___,रेल,2020-10-01 17:50:28.505849,0,False
794,What is the Hindi of imagine ___,कल्पना,2020-10-01 17:50:28.505849,0,False
795,What is the Hindi of provide ___,प्रदान,2020-10-01 17:50:28.505849,0,False
796,What is the Hindi of thus ___,इस प्रकार,2020-10-01 17:50:28.505849,0,False
797,What is the Hindi of chair ___,कुर्सी,2020-10-01 17:50:28.505849,0,False
798,What is the Hindi of woman ___,महिला,2020-10-01 17:50:28.505849,0,False
799,What is the Hindi of slave ___,गुलाम,2020-10-01 17:50:28.505849,0,False
800,What is the Hindi of captain ___,कप्तान,2020-10-01 17:50:28.505849,0,False
801,What is the Hindi of guess ___,अनुमान,2020-10-01 17:50:28.505849,0,False
802,What is the Hindi of necessary ___,आवश्यक,2020-10-01 17:50:28.505849,0,False
803,What is the Hindi of sharp ___,तेज़,2020-10-01 17:50:28.505849,0,False
804,What is the Hindi of wing ___,पंख,2020-10-01 17:50:28.505849,0,False
805,What is the Hindi of create ___,बना,2020-10-01 17:50:28.505849,0,False
806,What is the Hindi of neighbor ___,पड़ोसी,2020-10-01 17:50:28.505849,0,False
807,What is the Hindi of wash ___,धोने,2020-10-01 17:50:28.505849,0,False
808,What is the Hindi of bat ___,बल्ला,2020-10-01 17:50:28.505849,0,False
809,What is the Hindi of rather ___,बल्कि,2020-10-01 17:50:28.505849,0,False
810,What is the Hindi of crowd ___,भीड़,2020-10-01 17:50:28.505849,0,False
811,What is the Hindi of compare ___,तुलना,2020-10-01 17:50:28.505849,0,False
812,What is the Hindi of radio ___,रेडियो,2020-10-01 17:50:28.505849,0,False
813,What is the Hindi of string ___,स्ट्रिंग,2020-10-01 17:50:28.505849,0,False
814,What is the Hindi of suit ___,सूट,2020-10-01 17:50:28.505849,0,False
815,What is the Hindi of branch ___,शाखा,2020-10-01 17:50:28.505849,0,False
816,What is the Hindi of spot ___,हाजिर,2020-10-01 17:50:28.505849,0,False
817,What is the Hindi of rub ___,रगड़,2020-10-01 17:50:28.505849,0,False
818,What is the Hindi of tube ___,ट्यूब,2020-10-01 17:50:28.505849,0,False
819,What is the Hindi of famous ___,प्रसिद्ध,2020-10-01 17:50:28.505849,0,False
820,What is the Hindi of dollar ___,डॉलर,2020-10-01 17:50:28.505849,0,False
821,What is the Hindi of stream ___,धारा,2020-10-01 17:50:28.505849,0,False
822,What is the Hindi of fear ___,डर,2020-10-01 17:50:28.505849,0,False
823,What is the Hindi of sight ___,दृष्टि,2020-10-01 17:50:28.505849,0,False
824,What is the Hindi of thin ___,पतली,2020-10-01 17:50:28.505849,0,False
825,What is the Hindi of triangle ___,त्रिकोण,2020-10-01 17:50:28.505849,0,False
826,What is the Hindi of planet ___,ग्रह,2020-10-01 17:50:28.505849,0,False
827,What is the Hindi of hurry ___,जल्दी करो,2020-10-01 17:50:28.505849,0,False
828,What is the Hindi of chief ___,प्रमुख,2020-10-01 17:50:28.505849,0,False
829,What is the Hindi of colony ___,कॉलोनी,2020-10-01 17:50:28.505849,0,False
830,What is the Hindi of clock ___,घड़ी,2020-10-01 17:50:28.505849,0,False
831,What is the Hindi of mine ___,मेरा,2020-10-01 17:50:28.505849,0,False
832,What is the Hindi of tie ___,टाई,2020-10-01 17:50:28.505849,0,False
833,What is the Hindi of enter ___,दर्ज,2020-10-01 17:50:28.505849,0,False
834,What is the Hindi of major ___,प्रमुख,2020-10-01 17:50:28.505849,0,False
835,What is the Hindi of fresh ___,ताजा,2020-10-01 17:50:28.505849,0,False
836,What is the Hindi of search ___,खोज,2020-10-01 17:50:28.505849,0,False
837,What is the Hindi of send ___,भेजें,2020-10-01 17:50:28.505849,0,False
838,What is the Hindi of yellow ___,पीले,2020-10-01 17:50:28.505849,0,False
839,What is the Hindi of gun ___,बंदूक,2020-10-01 17:50:28.505849,0,False
840,What is the Hindi of allow ___,की अनुमति,2020-10-01 17:50:28.505849,0,False
841,What is the Hindi of print ___,प्रिंट,2020-10-01 17:50:28.505849,0,False
842,What is the Hindi of energy ___,ऊर्जा,2020-10-01 17:50:28.505849,0,False
843,What is the Hindi of one ___,एक,2020-10-01 17:50:28.505849,0,False
844,What is the Hindi of meat ___,मांस,2020-10-01 17:50:28.505849,0,False
845,What is the Hindi of depend ___,निर्भर,2020-10-01 17:50:28.505849,0,False
846,What is the Hindi of lift ___,लिफ्ट,2020-10-01 17:50:28.505849,0,False
847,What is the Hindi of desert ___,रेगिस्तान,2020-10-01 17:50:28.505849,0,False
848,What is the Hindi of rose ___,गुलाब,2020-10-01 17:50:28.505849,0,False
849,What is the Hindi of arrive ___,पहुंचना,2020-10-01 17:50:28.505849,0,False
850,What is the Hindi of master ___,मास्टर,2020-10-01 17:50:28.505849,0,False
851,What is the Hindi of track ___,ट्रैक,2020-10-01 17:50:28.505849,0,False
852,What is the Hindi of parent ___,माता पिता,2020-10-01 17:50:28.505849,0,False
853,What is the Hindi of shore ___,किनारे,2020-10-01 17:50:28.505849,0,False
854,What is the Hindi of division ___,विभाजन,2020-10-01 17:50:28.505849,0,False
855,What is the Hindi of sheet ___,चादर,2020-10-01 17:50:28.505849,0,False
856,What is the Hindi of substance ___,पदार्थ,2020-10-01 17:50:28.505849,0,False
857,What is the Hindi of favor ___,एहसान,2020-10-01 17:50:28.505849,0,False
858,What is the Hindi of connect ___,कनेक्ट,2020-10-01 17:50:28.505849,0,False
859,What is the Hindi of post ___,पोस्ट,2020-10-01 17:50:28.505849,0,False
860,What is the Hindi of spend ___,खर्च,2020-10-01 17:50:28.505849,0,False
861,What is the Hindi of chord ___,राग,2020-10-01 17:50:28.505849,0,False
862,What is the Hindi of fat ___,वसा,2020-10-01 17:50:28.505849,0,False
863,What is the Hindi of glad ___,प्रसन्न,2020-10-01 17:50:28.505849,0,False
864,What is the Hindi of original ___,मूल,2020-10-01 17:50:28.505849,0,False
865,What is the Hindi of share ___,शेयर,2020-10-01 17:50:28.505849,0,False
866,What is the Hindi of station ___,स्टेशन,2020-10-01 17:50:28.505849,0,False
867,What is the Hindi of dad ___,पिता,2020-10-01 17:50:28.505849,0,False
868,What is the Hindi of bread ___,रोटी,2020-10-01 17:50:28.505849,0,False
869,What is the Hindi of charge ___,चार्ज,2020-10-01 17:50:28.505849,0,False
870,What is the Hindi of proper ___,उचित,2020-10-01 17:50:28.505849,0,False
871,What is the Hindi of bar ___,बार,2020-10-01 17:50:28.505849,0,False
872,What is the Hindi of offer ___,प्रस्ताव,2020-10-01 17:50:28.505849,0,False
873,What is the Hindi of segment ___,खंड,2020-10-01 17:50:28.505849,0,False
874,What is the Hindi of current ___,वर्तमान,2020-10-01 17:50:28.505849,0,False
875,What is the Hindi of spoke ___,बात,2020-10-01 17:50:28.505849,0,False
876,What is the Hindi of gentle ___,कोमल,2020-10-01 17:50:28.505849,0,False
877,What is the Hindi of corn ___,मकई,2020-10-01 17:50:28.505849,0,False
878,What is the Hindi of degree ___,डिग्री,2020-10-01 17:50:28.505849,0,False
879,What is the Hindi of chick ___,लड़की,2020-10-01 17:50:28.505849,0,False
880,What is the Hindi of dear ___,प्रिय,2020-10-01 17:50:28.505849,0,False
881,What is the Hindi of enemy ___,दुश्मन,2020-10-01 17:50:28.505849,0,False
882,What is the Hindi of reply ___,उत्तर,2020-10-01 17:50:28.505849,0,False
883,What is the Hindi of drink ___,पेय,2020-10-01 17:50:28.505849,0,False
884,What is the Hindi of occur ___,घटित,2020-10-01 17:50:28.505849,0,False
885,What is the Hindi of support ___,समर्थन,2020-10-01 17:50:28.505849,0,False
886,What is the Hindi of speech ___,भाषण,2020-10-01 17:50:28.505849,0,False
887,What is the Hindi of nature ___,प्रकृति,2020-10-01 17:50:28.505849,0,False
888,What is the Hindi of steam ___,भाप,2020-10-01 17:50:28.505849,0,False
889,What is the Hindi of arrange ___,व्यवस्था,2020-10-01 17:50:28.505849,0,False
890,What is the Hindi of motion ___,प्रस्ताव,2020-10-01 17:50:28.505849,0,False
891,What is the Hindi of path ___,पथ,2020-10-01 17:50:28.505849,0,False
892,What is the Hindi of liquid ___,तरल,2020-10-01 17:50:28.505849,0,False
893,What is the Hindi of log ___,लॉग इन करें,2020-10-01 17:50:28.505849,0,False
894,What is the Hindi of meant ___,मतलब,2020-10-01 17:50:28.505849,0,False
895,What is the Hindi of quotient ___,भागफल,2020-10-01 17:50:28.505849,0,False
896,What is the Hindi of teeth ___,दांत,2020-10-01 17:50:28.505849,0,False
897,What is the Hindi of shell ___,खोल,2020-10-01 17:50:28.505849,0,False
898,What is the Hindi of neck ___,गर्दन,2020-10-01 17:50:28.505849,0,False
899,What is the Hindi of oxygen ___,ऑक्सीजन,2020-10-01 17:50:28.505849,0,False
900,What is the Hindi of sugar ___,चीनी,2020-10-01 17:50:28.505849,0,False
901,What is the Hindi of death ___,मौत,2020-10-01 17:50:28.505849,0,False
902,What is the Hindi of skill ___,कौशल,2020-10-01 17:50:28.505849,0,False
903,What is the Hindi of dream ___,सपना,2020-10-01 17:50:28.505849,0,False
904,What is the Hindi of evening ___,शाम,2020-10-01 17:50:28.505849,0,False
905,What is the Hindi of condition ___,शर्त,2020-10-01 17:50:28.505849,0,False
906,What is the Hindi of populate ___,आबाद,2020-10-01 17:50:28.505849,0,False
907,What is the Hindi of women ___,महिलाओं,2020-10-01 17:50:28.505849,0,False
908,What is the Hindi of agree ___,सहमत,2020-10-01 17:50:28.505849,0,False
909,What is the Hindi of season ___,मौसम,2020-10-01 17:50:28.505849,0,False
910,What is the Hindi of match ___,मैच,2020-10-01 17:50:28.505849,0,False
911,What is the Hindi of suffix ___,प्रत्यय,2020-10-01 17:50:28.505849,0,False
912,What is the Hindi of especially ___,विशेष रूप से,2020-10-01 17:50:28.505849,0,False
913,What is the Hindi of fig ___,अंजीर,2020-10-01 17:50:28.505849,0,False
914,What is the Hindi of afraid ___,डर,2020-10-01 17:50:28.505849,0,False
915,What is the Hindi of huge ___,भारी,2020-10-01 17:50:28.505849,0,False
916,What is the Hindi of sister ___,बहन,2020-10-01 17:50:28.505849,0,False
917,What is the Hindi of steel ___,स्टील,2020-10-01 17:50:28.505849,0,False
918,What is the Hindi of forward ___,आगे,2020-10-01 17:50:28.505849,0,False
919,What is the Hindi of won’t ___,नहीं होगा,2020-10-01 17:50:28.505849,0,False
920,What is the Hindi of guide ___,गाइड,2020-10-01 17:50:28.505849,0,False
921,What is the Hindi of instant ___,पल,2020-10-01 17:50:28.505849,0,False
922,What is the Hindi of experience ___,अनुभव,2020-10-01 17:50:28.505849,0,False
923,What is the Hindi of score ___,स्कोर,2020-10-01 17:50:28.505849,0,False
924,What is the Hindi of apple ___,सेब,2020-10-01 17:50:28.505849,0,False
925,What is the Hindi of bought ___,खरीदा,2020-10-01 17:50:28.505849,0,False
926,What is the Hindi of led ___,नेतृत्व,2020-10-01 17:50:28.505849,0,False
927,What is the Hindi of pitch ___,पिच,2020-10-01 17:50:28.505849,0,False
928,What is the Hindi of coat ___,कोट,2020-10-01 17:50:28.505849,0,False
929,What is the Hindi of mass ___,सामूहिक,2020-10-01 17:50:28.505849,0,False
930,What is the Hindi of card ___,कार्ड,2020-10-01 17:50:28.505849,0,False
931,What is the Hindi of band ___,बैंड,2020-10-01 17:50:28.505849,0,False
932,What is the Hindi of rope ___,रस्सी,2020-10-01 17:50:28.505849,0,False
933,What is the Hindi of win ___,जीत,2020-10-01 17:50:28.505849,0,False
934,What is the Hindi of magnet ___,चुंबक,2020-10-01 17:50:28.505849,0,False
935,What is the Hindi of solution ___,समाधान,2020-10-01 17:50:28.505849,0,False
936,What is the Hindi of pretty ___,सुंदर,2020-10-01 17:50:28.505849,0,False
937,What is the Hindi of cotton ___,कपास,2020-10-01 17:50:28.505849,0,False
938,What is the Hindi of determine ___,निर्धारित,2020-10-01 17:50:28.505849,0,False
939,What is the Hindi of quart ___,चौथाई गेलन,2020-10-01 17:50:28.505849,0,False
940,What is the Hindi of nine ___,नौ,2020-10-01 17:50:28.505849,0,False
941,What is the Hindi of basic ___,बुनियादी,2020-10-01 17:50:28.505849,0,False
942,What is the Hindi of smell ___,गंध,2020-10-01 17:50:28.505849,0,False
943,What is the Hindi of valley ___,घाटी,2020-10-01 17:50:28.505849,0,False
944,What is the Hindi of nor ___,और न ही,2020-10-01 17:50:28.505849,0,False
945,What is the Hindi of double ___,डबल,2020-10-01 17:50:28.505849,0,False
946,What is the Hindi of seat ___,सीट,2020-10-01 17:50:28.505849,0,False
947,What is the Hindi of continue ___,जारी रखने के,2020-10-01 17:50:28.505849,0,False
948,What is the Hindi of block ___,खंड,2020-10-01 17:50:28.505849,0,False
949,What is the Hindi of chart ___,चार्ट,2020-10-01 17:50:28.505849,0,False
950,What is the Hindi of hat ___,टोपी,2020-10-01 17:50:28.505849,0,False
951,What is the Hindi of sell ___,बेचने,2020-10-01 17:50:28.505849,0,False
952,What is the Hindi of success ___,सफलता,2020-10-01 17:50:28.505849,0,False
953,What is the Hindi of company ___,कंपनी,2020-10-01 17:50:28.505849,0,False
954,What is the Hindi of subtract ___,घटाना,2020-10-01 17:50:28.505849,0,False
955,What is the Hindi of event ___,घटना,2020-10-01 17:50:28.505849,0,False
956,What is the Hindi of particular ___,विशेष,2020-10-01 17:50:28.505849,0,False
957,What is the Hindi of deal ___,सौदा,2020-10-01 17:50:28.505849,0,False
958,What is the Hindi of swim ___,तैरना,2020-10-01 17:50:28.505849,0,False
959,What is the Hindi of term ___,अवधि,2020-10-01 17:50:28.505849,0,False
960,What is the Hindi of opposite ___,विपरीत,2020-10-01 17:50:28.505849,0,False
961,What is the Hindi of wife ___,पत्नी,2020-10-01 17:50:28.505849,0,False
962,What is the Hindi of shoe ___,जूता,2020-10-01 17:50:28.505849,0,False
963,What is the Hindi of shoulder ___,कंधे,2020-10-01 17:50:28.505849,0,False
964,What is the Hindi of spread ___,प्रसार,2020-10-01 17:50:28.505849,0,False
965,What is the Hindi of range ___,सीमा,2020-10-01 17:50:28.505849,0,False
966,What is the Hindi of market ___,बाजार,2020-10-01 17:50:28.505849,0,False
967,What is the Hindi of please ___,कृपया,2020-10-01 17:50:28.505849,0,False
968,What is the Hindi of total ___,संपूर्ण,2020-10-01 17:50:28.505849,0,False
969,What is the Hindi of tool ___,उपकरण,2020-10-01 17:50:28.505849,0,False
970,What is the Hindi of camp ___,शिविर,2020-10-01 17:50:28.505849,0,False
971,What is the Hindi of select ___,चयन,2020-10-01 17:50:28.505849,0,False
972,What is the Hindi of truck ___,ट्रक,2020-10-01 17:50:28.505849,0,False
973,What is the Hindi of noise ___,शोर,2020-10-01 17:50:28.505849,0,False
974,What is the Hindi of level ___,स्तर,2020-10-01 17:50:28.505849,0,False
975,What is the Hindi of chance ___,संयोग,2020-10-01 17:50:28.505849,0,False
976,What is the Hindi of gather ___,इकट्ठा,2020-10-01 17:50:28.505849,0,False
977,What is the Hindi of shop ___,दुकान,2020-10-01 17:50:28.505849,0,False
978,What is the Hindi of stretch ___,खिंचाव,2020-10-01 17:50:28.505849,0,False
979,What is the Hindi of throw ___,फेंक,2020-10-01 17:50:28.505849,0,False
980,What is the Hindi of shine ___,चमक,2020-10-01 17:50:28.505849,0,False
981,What is the Hindi of property ___,संपत्ति,2020-10-01 17:50:28.505849,0,False
982,What is the Hindi of column ___,स्तंभ,2020-10-27 14:27:05.005563,1,True
983,What is the Hindi of molecule ___,अणु,2020-10-27 14:27:05.005776,1,True
984,What is the Hindi of wrong ___,गलत,2020-10-27 14:27:05.005970,1,True
985,What is the Hindi of feed ___,फ़ीड,2020-10-27 14:27:05.006191,1,True
986,What is the Hindi of gray ___,ग्रे,2020-10-01 17:50:28.505849,0,False
987,What is the Hindi of repeat ___,दोहराना,2020-10-27 14:27:05.006413,1,True
988,What is the Hindi of require ___,आवश्यकता,2020-10-27 14:27:05.006611,1,True
989,What is the Hindi of broad ___,विस्तृत,2020-10-27 14:27:05.006820,1,True
990,What is the Hindi of prepare ___,तैयार,2020-10-27 14:27:05.007030,1,True
991,What is the Hindi of salt ___,नमक,2020-10-27 14:27:05.007239,1,True
992,What is the Hindi of nose ___,नाक,2020-10-27 14:27:05.007458,1,True
993,What is the Hindi of plural ___,बहुवचन,2020-10-27 14:27:05.007662,1,True
994,What is the Hindi of anger ___,क्रोध,2020-10-27 14:27:05.007790,1,True
995,What is the Hindi of claim ___,दावा,2020-10-27 14:27:05.007927,1,True
996,What is the Hindi of born ___,Born,2020-10-27 14:27:05.008050,1,True
997,What is the Hindi of invent ___,आविष्कार,2020-10-27 14:27:05.008172,1,True
998,What is the Hindi of continent ___,महाद्वीप,2020-10-27 14:27:05.008442,1,True
